{
    "1": 91.1791,
    "10": 158.93608,
    "20": 303.82642,
    "30": 437.5447,
    "40": 584.9965,
    "50": 786.79193,
    "60": 1030.077,
    "70": 1314.7529,
    "80": 1596.8143,
    "90": 1851.0603,
    "95": 2041.569,
    "100": 2198.814
}