{
    "1": 17.165605,
    "20": 80.584775,
    "40": 207.382042,
    "50": 323.601597,
    "60": 492.88489,
    "70": 765.640231,
    "80": 1077.443668,
    "90": 1446.853458
}